Tweets,Likes,Adj Close,Close,High,Low,Open,Volume,Prices,Comp,Negative,Neutral,Positive
"#Cyberpunk2077 est le premier jeu Ã  mettre ma moralitÃ© Ã  rude Ã©preuve, jâ€™en vient rÃ©flÃ©chir Ã  mes choix dans la vraie vie.",0,MA,MA,MA,MA,MA,MA,0,-0.4588,0.125,0.875,0.0
"#Ø¯ÙˆØ±ÙŠ_Ø±ÙˆØ´Ù†_Ø§Ù„Ø³Ø¹ÙˆØ¯ÙŠ
Ù‡Ø°Ø§ Ø³Ù†Ø§Ø¨ Ø§Ù„Ù…ØªØ¬Ø± Ø¹Ù„ÙŠ Ø§Ù„Ø¯ÙˆØ³Ø±ÙŠ Ø¶ÙŠÙÙˆÙ‡ ÙˆØªØ§Ø¨Ø¹ÙˆÙ‡ ÙˆØªÙØ§Ø¹Ù„ ÙˆÙŠØ³ØªØ§Ù‡Ù„ Ø¯Ø¹Ù… â¬‡ï¸
https://t.co/JwGddPNT4R",0,342.7143859863281,346.79998779296875,354.6600036621094,343.94000244140625,349.9599914550781,2933600,0,0.0,0.0,1.0,0.0
"@7heures13 Non ğŸ•º yâ€™a 2 screens de blocage (le lien plus celui de ma pote) 
Celui avec le follow back 
Et les 2 derniers c T pour prouver que tu mentais 
I keep receipts ğŸ’…ğŸ’… (c faux je supprime jms mes photos c tt)",0,350.9660339355469,355.1499938964844,356.9800109863281,349.69000244140625,351.3900146484375,2661000,0,0.0,0.0,1.0,0.0
"@Aku_68 @Rymcu @Cinkroflol @JankosLoL Nie oglÄ…dam, ale od jakiÅ› 2 tygodni widzÄ™, Å¼e gra w eldena, wczeÅ›niej wukonga. A co w tym dziwnego skoro od 10 lat gra zawodowo w ligÄ™, to co ma byÄ‡ na jego streamach, fortnite? XD",3,347.6258544921875,351.7699890136719,357.55999755859375,351.2699890136719,356.1199951171875,2608500,3,0.6739,0.0,0.882,0.118
@AllahGreatQuran Ma sha Allah,0,363.9282531738281,367.6700134277344,368.7200012207031,355.32000732421875,357.30999755859375,4432800,0,0.0,0.0,1.0,0.0
"@AnonymaticaSRL Uh mi Ã¨ andata bene, facevo cose orribili, ma negli anni 80!",0,367.1946716308594,370.9700012207031,375.0,369.55999755859375,371.6300048828125,3913500,0,0.0,0.0,1.0,0.0
@Antonio_Tajani Gli intanto Ã¨ in corso un colpo di stato e non câ€™Ã¨ interferenze da parte di nessuno ğŸ˜¡ il fatto sta che il popolo a detto basta hai corrotti  che da 30 ani ci governano ma hei viva la disinformazione complimenti ğŸ‘ğŸ‘ğŸ‘,0,367.2342224121094,371.010009765625,371.67999267578125,367.2099914550781,368.80999755859375,3485900,0,0.0,0.0,1.0,0.0
"@BluKalpIstanbul @pomeriggio5 Ma vai a cagare, cretina",0,374.0144958496094,377.8599853515625,377.9200134277344,371.260009765625,372.6199951171875,3370200,0,0.0,0.0,1.0,0.0
"@EarvLikes I can't believe i killed ma best friaaand 

:(",31,375.94464111328125,379.80999755859375,381.1300048828125,376.9200134277344,377.8599853515625,3291200,31,0.7087,0.185,0.319,0.496
"@GTrapezov @JuBrozeur @Breeyz90 @channasparkle Oh non un Nazâ€¦Raciste insulte ma religion car il est incapable de comprendre le sens dâ€™un Verset, ma vie va si mal. Mdrr allez bonne nuit mon petit racelard Ã§a sert Ã  rien de rÃ©pondre je tâ€™Ã©crirai plus, passe la bonjour Ã  la jeune Rebecca",0,371.69830322265625,375.5199890136719,377.8699951171875,374.30999755859375,375.05999755859375,4261000,0,-0.3818,0.051,0.949,0.0
@Hajjinho3ashra Lâ€™idÃ©e de malade mentale je me serais suicider dans ma voiture,1,371.18365478515625,375.0,378.3299865722656,373.9800109863281,375.0,2814500,1,0.0,0.0,1.0,0.0
@JGSDF_MA_14B_pr ğŸ“£ãƒ•ã‚¡ã‚¤ãƒˆãƒ¼â€¼ï¸,0,365.1655578613281,368.9200134277344,375.80999755859375,368.5,374.510009765625,2747100,0,0.0,0.0,1.0,0.0
@Lisayahhhh1997 Di ka po ma add,1,364.1955261230469,367.94000244140625,370.79998779296875,363.6000061035156,364.6000061035156,3111200,1,-0.5574,0.419,0.581,0.0
"@Ma_____2_1_2 ãŠã¯ã‚ˆã†ã”ã–ã„ã¾ã™
ä»Šæ—¥ã‚‚é ‘å¼µã‚Šã¾ã—ã‚‡ã†ğŸª¼",1,372.4506530761719,376.2799987792969,376.6199951171875,369.3999938964844,370.2300109863281,3863400,1,0.0,0.0,1.0,0.0
@MaxStarWalker Ma sei uno di quelli con le bandierine nel nome. Tutto chiaro.,0,374.71728515625,378.57000732421875,381.3800048828125,376.3599853515625,376.739990234375,2743900,0,0.0,0.0,1.0,0.0
@NTForFNT Trá»i Æ¡i mÃ¡ Ä‘ang phÃ¡ trend háº£? STOP,0,376.1427001953125,380.010009765625,390.0,375.2200012207031,390.0,2756200,0,-0.4466,0.268,0.732,0.0
"@PiknikLublin @Mat_RKS1950 @ZMostuProsto No ale pÃ³ki co inba jest o to, Å¼e jakim prawem jest drogo i wgl po co? No wÅ‚aÅ›nie np. po to. Ja mam wraÅ¼enie(nie ad personam) Å¼e niektÃ³rzy to oczekujÄ… Å¼e dostanÄ… pakiet PRO za cenÄ™ BASIC. No tak to nie dziaÅ‚a. Motor nie ma innych biznesÃ³w jak mistrz polski i np. nie zarabia na ğŸ”",1,378.4984436035156,382.3900146484375,382.55999755859375,375.1000061035156,375.1000061035156,3501900,1,-0.8402,0.204,0.725,0.071
@PrzemekShura Wojna ma trwaÄ‡ do ostatniego ukrainca,0,373.4007873535156,377.239990234375,384.1099853515625,373.0,383.4100036621094,3718400,0,0.0,0.0,1.0,0.0
"@RenatoCuccu1 Luca Ã¨ di animo buono 
Sta dando spazio a tutti i ragazzi
Anche Javier ha riallacciato i rapporti con spolverino che detesto. Ma credo che la convivenza forzata li portino ad un certo punto ad andare avanti",2,370.2234802246094,374.0299987792969,380.5199890136719,373.3800048828125,376.19000244140625,3405600,2,0.34,0.0,0.934,0.066
@SenJoniErnst Woe unto the REPUBLICAN senators or congressmen who vote to impede Trumps agenda.  We the People VOTED for him to break up the corruption in the bureaucracy.  Harsh electoral penalty will befall those who sabotage this great reform.  Count on it Maâ€™am.,0,367.3431396484375,371.1199951171875,373.739990234375,369.3999938964844,369.4599914550781,2688600,0,-0.7371,0.22,0.691,0.089
@Stefano173456 Semplicemente penosi...fate uno streaming pubblico...siete nati antisistema e ora siete inside al sistema...falsi ipocriti e ignoranti ma dannosi,0,366.8284606933594,370.6000061035156,372.4800109863281,367.0199890136719,369.989990234375,3137400,0,0.0,0.0,1.0,0.0
@TheDeshBhakt Tere ma ka bh0sda bsdkkk,1,370.27301025390625,374.0799865722656,376.7799987792969,367.0,368.57000732421875,2951900,1,0.0,0.0,1.0,0.0
"@TheMistressCat Very nice gams, Ma'am.",17,371.1242370605469,374.94000244140625,380.4700012207031,372.79998779296875,379.5199890136719,2761600,17,0.4754,0.0,0.564,0.436
"@Vito82488734 myÅ›lÄ™, Å¼e w niej samej nie ma jeszcze wyrachowania, tylko w doradcach i sztabie
ona ma jeszcze mleko pod nosem, wiÄ™c ideologie pod postaciÄ… tÄ™czowej flagi,rÃ³wnoÅ›Ä‡, prawa do macicy i inne pierdy sÄ… dla niej waÅ¼niejsze niÅ¼ waÅ¼ne sprawy tego kraju",27,370.1047668457031,373.9100036621094,378.2200012207031,370.489990234375,370.79998779296875,2739600,27,0.0,0.0,1.0,0.0
"@_aminasy @degeurbopp Age is a number 
Diokh ma thieur par rapport ak lenene way",0,369.1742858886719,372.9700012207031,374.3299865722656,369.04998779296875,370.0,2068300,0,0.0772,0.0,0.902,0.098
@ameya_ma ãƒ¤ãƒƒãƒ›ãƒ¼ï¼ç™½é¦¬ãƒ–ãƒ«ãƒ¼ã‚¤ãƒ³ã‚°ãƒ½(^o^)ä¸¿,1,371.2430419921875,375.05999755859375,377.07000732421875,368.8399963378906,371.510009765625,2309100,1,0.0,0.0,1.0,0.0
@amy_gomez10659 @TheGoonyBin Done and retweeted maâ€™am ğŸ‘ŠğŸ‡ºğŸ‡¸ğŸ‡ºğŸ‡¸ğŸ‡ºğŸ‡¸ğŸ‡ºğŸ‡¸ğŸ‡ºğŸ‡¸ğŸ‡ºğŸ‡¸ğŸ‘Š,0,366.5809631347656,370.3500061035156,375.7900085449219,370.1400146484375,373.1700134277344,2193600,0,0.0,0.0,1.0,0.0
"@artikk365 @matthewcageish Ma non era da denuncia mai nella vita, sono foto pubbliche, ma di che parliamo? Ahahah",2,366.6502685546875,370.4200134277344,374.57000732421875,369.25,373.29998779296875,2287600,2,0.0,0.0,1.0,0.0
"@becca22cr7 @GioSer_3313 Ma @GioSer_3313 hai ancora il coraggio di sparlare e difendere questa societÃ  e squadra ? Aspetta almeno la nuova versione di football manager , magari câ€™Ã¨ qualche aggiornamento che ti torna utile per apprendere il gioco del calcio",0,363.0968017578125,366.8299865722656,370.25,362.9200134277344,369.6400146484375,2270700,0,0.0,0.0,1.0,0.0
@billy7890q Yes ma'am,0,367.05609130859375,370.8299865722656,371.1400146484375,367.07000732421875,368.55999755859375,2286400,0,0.4019,0.0,0.426,0.574
"@borghi_claudio Fatto .Non ho inviato mail, ma Ã¨ stato importante partecipare  in segno di apprezzamento fiducia e stima per il vostro lavoro.",6,366.1949462890625,369.9599914550781,373.4100036621094,367.7300109863281,369.5799865722656,1841400,6,0.0,0.0,1.0,0.0
@coingecko Mot ngay ra 100 nv a lam tien the ma mik lam mjon qua lam som la ngon r khong,0,365.8782043457031,369.6400146484375,369.79998779296875,365.010009765625,366.2799987792969,2203300,0,0.0,0.0,1.0,0.0
"@drofin69 CÃ¡ch Ä‘Ã¡p tráº£ hay nháº¥t Ä‘Ã³ chÃ­nh lÃ  tiáº¿p tá»¥c lÃ m tá»‘t nhá»¯ng gÃ¬ mÃ  tá»¥i nÃ³ Ä‘ang ganh tá»µ á»Ÿ a ğŸ¤£ thÃ³i Ä‘á»i giÃ u thÃ¬ nÃ³ ghÃ©t, Ä‘Ã³i thÃ¬ nÃ³ khinh, thÃ´ng minh thÃ¬ nÃ³ tÃ¬m cÃ¡ch tiÃªu diá»‡t ğŸ¥¹ğŸ¥¹",2,363.8094482421875,367.54998779296875,373.0799865722656,364.8999938964844,364.8999938964844,2792700,2,0.0,0.0,1.0,0.0
@gesudellalazio Ma pe fa che?,2,357.4548034667969,361.1300048828125,366.70001220703125,359.79998779296875,364.05999755859375,2718900,2,0.0,0.0,1.0,0.0
"@hi_ma_rin_rin ã²ã¾ã‚Šã¡ã‚ƒã‚“ğŸŒ»ãŠã¯ã‚ˆãƒ¼ğŸ’•

æœã”ã¯ã‚“ã¯ã‚‚ã†é£Ÿã¹ãŸã‘ã©ã€ã²ã¾ã‚Šã¡ã‚ƒã‚“ã‚’
ãŠã‹ã‚ã‚Šã™ã‚‹ã§ã€ã„ã„ã§ã™ã‹ğŸ¤­",1,352.3373718261719,355.9599914550781,361.7699890136719,355.19000244140625,356.760009765625,2730900,1,0.0,0.0,1.0,0.0
@hotfirespicy Every single day ma,4,351.3575134277344,354.9700012207031,357.739990234375,353.2099914550781,355.3599853515625,2109300,4,0.0,0.0,1.0,0.0
"@iddioodo @Anna302478978 Sarai ritardato? Ma certamente. Cercare su gugol Ã¨ una cosa semplice, ma non per i triplodosati ingoiazucchine they/them. https://t.co/wbCD2xJTMu",0,351.9117736816406,355.5299987792969,357.739990234375,351.6600036621094,357.739990234375,1975500,0,0.0,0.0,1.0,0.0
@javi_khoso Probably an uncredited studio artist unless it's the art Director Dino Ma.,0,349.5262756347656,353.1199951171875,354.0,349.5899963378906,350.82000732421875,2016100,0,-0.25,0.143,0.857,0.0
@kaynbabygirl Si battibecca sempre ma istg prima in linea per Toria protection squad,2,351.8623352050781,355.4800109863281,358.0299987792969,354.82000732421875,355.6400146484375,2200800,2,0.0,0.0,1.0,0.0
@lagio976 @PacettaVa @GiuntaDenise @lauramilla2021 Ma quello di Mert Ã¨ davvero indecente... (canticchiando r cambiando le parole).,3,351.67425537109375,355.2900085449219,357.79998779296875,353.239990234375,354.80999755859375,2732900,3,0.0,0.0,1.0,0.0
@loovesosa_ Merciiii ma bombe â¤ï¸ (câ€™est quand on va au velğŸ˜¡),0,349.9024353027344,353.5,355.30999755859375,349.3900146484375,354.0,1968100,0,0.0,0.0,1.0,0.0
@lynna_nich @xslhi @hsan730 @merein15 @6i6iQ @AlkwytAyh63 @_i1ic @swdmd42233 @qwer8790 @arimhamd @ma_ma711 @swadeahdhj @luizcosta76 @MYK_63 @Hekaya_MZ @2w2030 @mits_i @kn_jui @florchicana @Aly9a â¦(â â— â â€¿â ãƒ»â )â â€”â â˜†â©,3,351.9513854980469,355.57000732421875,356.6199951171875,351.69000244140625,353.6300048828125,2526000,3,0.0,0.0,1.0,0.0
"@ma_3679 ã¾ã‚ˆã¡ã‚ƒã‚“ã‚‚ã‚ã‹ã‚“ã‹ã£ãŸã‚“ã‚„ãªãƒ¼ğŸ˜­
æ¬¡ã®ãƒãƒ£ãƒ³ã‚¹ã§ï¼ï¼",0,357.8210754394531,361.5,361.69000244140625,357.0899963378906,358.1199951171875,2174900,0,0.0,0.0,1.0,0.0
@ma_franks universities are not promoting free. Speech universities are indoctrinating children universities have professors that will not entertain an opposing view from a student.,0,363.1957092285156,366.92999267578125,368.5299987792969,361.260009765625,361.82000732421875,2789400,0,-0.7561,0.308,0.692,0.0
@ma_kunn_oann ãŠã¯ã‚ˆã†ã”ã–ã„ã¾ã™ğŸŒâœ¨,1,356.2768859863281,359.94000244140625,369.1499938964844,359.54998779296875,367.1700134277344,1660800,1,0.0,0.0,1.0,0.0
@ma_kunn_oann ã‚¹ãƒ†ã‚£ãƒƒã‚¯ã‚·ãƒ¥ã‚¬ãƒ¼ã§ã™ğŸ¤£æ™‚ã€…åºŠã«è½ã¨ã•ã‚Œã¦ã¦ã€ã‚“ï¼Ÿã¨ã¯æ€ã£ã¦ã„ãŸã‚“ã§ã™ã‘ã©ã€ã“ã‚“ãªã«è§¦ã‚‰ã‚Œã¦ã„ãŸã¨ã¯ã€œğŸ˜‚,1,355.37615966796875,359.0299987792969,361.70001220703125,357.2799987792969,358.6099853515625,1634400,1,0.0,0.0,1.0,0.0
"@ma_kunn_oann æ°—ã¾ãã‚Œã ã‹ã‚‰ã“ãå¯æ„›ã„ã§ã™ã‚ˆã­â™¡
ãŠã¯ã‚ˆã†ã”ã–ã„ã¾ã™(*^^*)",2,350.8329162597656,354.44000244140625,364.0199890136719,353.9100036621094,359.25,2414700,2,0.0,0.0,1.0,0.0
@ma_pi_ SSRã£ã¦ã„ã†è‰²é•ã„ã®æ‰‹æŠœããŒã‚ã‹ã‚“ã®ã‹ã­(Â´ãƒ»Ï‰ãƒ»`),0,343.5774841308594,347.1099853515625,353.04998779296875,345.2300109863281,352.4100036621094,3176400,0,0.0,0.0,1.0,0.0
@ma_ra992 @alkazraj Ø§Ù…ÙŠÙ† ÙˆÙ„Ùƒ Ø¨Ø§Ù„Ù…Ø«Ù„ ÙŠØ§Ø±Ø¨ Ø§Ù†Ø§ Ø§Ù„Ø­Ù…Ø¯Ù„Ù„Ù‡ Ø¹ØªØ¯ÙŠ Ù„ØºÙ‡ ÙˆÙ†Ø§ÙˆÙŠ Ø§Ø¯Ø®Ù„ Ø¯ÙˆØ±Ø§Øª Ø²ÙŠØ§Ø¯Ù‡ ØªØ²ÙŠØ¯ Ù…Ù† Ø§Ù„ÙØ±Øµ.,0,341.2018737792969,344.7099914550781,349.8599853515625,340.2099914550781,343.6300048828125,3308200,0,0.0,0.0,1.0,0.0
"@ma_rin8047 @miyahara1x ãŠã¯ã‚ˆãƒ¼ã”ã–ã„ã¾ã™â˜•
ä»Šæ—¥ã‚‚ã¾ã‚“ã¾ã‚‹ç¬‘é¡”ã„ã£ã±ã„
ã‚ˆã‚ã—ããŠé¡˜ã„è‡´ã—ã¾ã™ğŸ’",1,349.2294006347656,352.82000732421875,356.1099853515625,348.55999755859375,351.0,3413300,1,0.0,0.0,1.0,0.0
@ma_tsu0131 ãŒã‚“ã°ã‚Œï¼,1,344.5375671386719,348.0799865722656,348.3999938964844,343.6400146484375,346.04998779296875,3082600,1,0.0,0.0,1.0,0.0
"@ma_yu5_v ãŠã¯ã‚ˆãƒ¼ï¼ï¼
é“è·¯ãƒ„ãƒ«ãƒ„ãƒ«âˆ‘(ï¿£Ğ”ï¿£;)ã‚„ãƒ¼ã°ã„ï¼

æ°—ã‚’ã¤ã‘ã¦ã­â¤",1,344.4584045410156,348.0,348.69000244140625,340.2799987792969,346.6199951171875,3768100,1,0.0,0.0,1.0,0.0
"@ma_yu_63 å¹´é½¢ç§ã®æ–¹ãŒå°‘ã—ä¸Šã ã‘ã©ã»ã¼ä¸€ç·’ğŸ’¦
ä¿¡ã˜ã‚‰ã‚Œãªã„ğŸ˜­
ç¾å°‘å¹´ã¨ã‚·ãƒ³ãƒ‰ãƒ©ã‚„ã£ã¦ãŸã®è¦‹ã¦ãŸã®ã«â€¦
æ¯æ­¢ã¾ã‚Šãã†ã«ãªã£ãŸğŸ˜­
å¹´é½¢é‡ã­ã‚‹åº¦ã«ã‚­ãƒ¬ã‚¤ã ãªã€œ
ç§ã‚‚é ‘å¼µã‚ã¨ã‹æ€ã£ã¦ãŸã®ã«ğŸ¥¹
ãŠé¢¨å‘‚ã§ã®äº‹æ•…å¤šã„ã®ã¯èã„ã¦ãŸã‘ã©â€¦
è¾›ã„ğŸ˜­ğŸ˜­ğŸ˜­",1,346.10150146484375,349.6600036621094,351.94000244140625,346.8599853515625,350.25,8426800,1,0.0,0.0,1.0,0.0
"@manami_ma_na_mi ãŠã¯ã‚ˆã†ã”ã–ã„ã¾ã™ã€
çœŸå¥ˆç¾ã•ã‚“ã€‚
ã‚ã‚ŠãŒã¨ã†ã”ã–ã„ã¾ã™ã€
å†™çœŸæ¥½ã—ã¿ã§ã™ğŸ˜Š",0,345.7650146484375,349.32000732421875,353.8399963378906,347.3399963378906,348.0,3864200,0,0.0,0.0,1.0,0.0
"@massiTsunami Un allenatore puÃ² dire che l'arbitro ha sbagliato secondo lui, ma non puÃ² dire cosÃ¬ apertamente che c'Ã¨ un ""complotto"" o cose cosÃ¬. Si dovrebbe aprire un procedimento disciplinare.",1,350.9615478515625,354.57000732421875,356.20001220703125,350.8299865722656,354.3699951171875,3766800,1,-0.5574,0.174,0.756,0.07
"@mat_augmente Le dernier tier n'est pas nÃ©cessaire, message patriarcal peu subtil (Ã  l'image du patron) et le son giga fort (mais bon Ã§a c ma faute), mais sinon c bien uÃ©",0,347.4575500488281,351.0299987792969,360.0,351.0299987792969,354.6099853515625,2596400,0,0.0,0.0,1.0,0.0
@misteriouspavao Globo:  Esse salto satisfaz o critÃ©rio tÃ©cnico de tirar os 2 pÃ©s do chÃ£o e saltar. NÃ£o entendo a mÃ¡ vontade dos jurados que estÃ£o dando nota baixa. NÃ£o faz sentido. Os jurados nÃ£o gostam do atleta.,0,350.76361083984375,354.3699951171875,359.8599853515625,351.8399963378906,352.4100036621094,2598100,0,0.0,0.0,1.0,0.0
"@miya___ma ãŠã¯ã¿ã‚„ã§ã™(Ğ¾Â´âˆ€ã‚)ğŸ’š

å¿ƒã®ãªã‹ã§ã¯ã‚„ã£ã¡ã‚ƒã†ã®ã­â€¦â€¦âœ¨ã€€å¯æ„›ã„ğŸ˜†
ä»Šæ—¥ã‚‚ã‚†ã‚‹ãµãã„ã§ç”Ÿãã¾ã™ã‹ğŸ’ªğŸ«›ğŸ§ï¸",0,348.0514831542969,351.6300048828125,352.4200134277344,346.30999755859375,350.45001220703125,2971500,0,0.0,0.0,1.0,0.0
"@mrzcx2112 Ä‘Ã£ tá»«ng bá»‹ chia tÃ i khoáº£n nhÆ°ng nhá» theo nhá»¯ng thÃ´ng tin nháº­n Ä‘á»‹nh cá»§a ad mÃ  Ä‘Ã£ cÃ³ lÃ£i, ko tá»‘n má»™t Ä‘á»“ng fee group vip nÃ o nÃªn lÃ  lÃ¹a gÃ  cc",1,351.01104736328125,354.6199951171875,357.8900146484375,354.2799987792969,355.57000732421875,2420300,1,0.5106,0.0,0.909,0.091
@nocas4you ComeÃ§o a achar que houve de facto mÃ¡ interpretaÃ§Ã£o!âœ…,1,350.7240295410156,354.3299865722656,355.8999938964844,352.79998779296875,355.55999755859375,1695900,1,0.0,0.0,1.0,0.0
@omgshakethatass @ZeroAgree Yes maâ€™am ^^,1,355.87109375,359.5299987792969,360.0299987792969,355.82000732421875,357.3800048828125,2327000,1,0.4019,0.0,0.597,0.403
"@orw7 @prabowo @gibran_tweet Buakakakkk
PS angkat doi jd tim ???
Pantess ğŸ¤£ğŸ¤£ğŸ¤£
Minta d ganti ma lo ya Fir ???
ğŸ¤£ğŸ¤£ğŸ¤£ https://t.co/Ugm4UBbnrG",0,355.6038818359375,359.260009765625,362.5899963378906,358.239990234375,360.95001220703125,2480500,0,0.0,0.0,1.0,0.0
@rbellandi69 Ma avresti 21 scudetti e il Milan 18.,0,359.71160888671875,363.4100036621094,363.6499938964844,360.3800048828125,361.1300048828125,3376600,0,0.0,0.0,1.0,0.0
@sakuragi_MA ğŸ˜†ğŸ‘ï¸âœ¨,1,362.74041748046875,366.4700012207031,366.6600036621094,361.75,362.6099853515625,2978000,1,0.0,0.0,1.0,0.0
@sakuragi_MA ğŸ¤”,1,360.1965637207031,363.8999938964844,369.1199951171875,363.3800048828125,366.79998779296875,2198700,1,0.0,0.0,1.0,0.0
@solenne4evah MA Ãˆ FUORI DI TESTA,10,360.6526184082031,363.7900085449219,365.1300048828125,361.6099853515625,363.4800109863281,2239600,10,0.0,0.0,1.0,0.0
"@stacce2021 Ma almeno sei Leone! Puoi andare orgoglioso di questa convenzione inventata per soddisfare le menti semplici e non devi fare le corna ogni volta che qualcuno ti fa la fatidica domanda!
Certo che sfiga, peggio di ferragosto c'Ã¨ solo natale, una prece.",1,358.3526306152344,361.4700012207031,362.0400085449219,355.9700012207031,361.2099914550781,2357600,1,0.0,0.0,1.0,0.0
@syd050600 Yes ma'am the motion of the ocean in my teenage years ğŸ¤£ğŸ¤£ğŸ¤£ğŸ¤£ğŸ¤£ğŸ¤£,1,357.03411865234375,360.1400146484375,360.92999267578125,357.5799865722656,359.7099914550781,1559100,1,0.4019,0.0,0.816,0.184
@turwie2 @szymon_holownia Co tam marudzisz? Å»e gnom komosa nie ma immunitetu?,0,360.98968505859375,364.1300048828125,365.19000244140625,361.1600036621094,363.4200134277344,3033800,0,0.0,0.0,1.0,0.0
"@valheim_s @succube124 @faureolivier Avec le recul, tu vois bien que les primaires ne servent Ã  rien, pour les Ã©lÃ©phants du PS c'est 'pile je gagne face tu perds'
En cas de victoire c'est 'faites ma campagne car nous sommes victorieux' sinon c'est 'ciao nous on est pour le candidat+ proches des grd mÃ©dia et du CAC40",0,358.6599426269531,361.7799987792969,368.6000061035156,361.0299987792969,366.0799865722656,2268800,0,0.0,0.0,1.0,0.0
@zniv22 C bon la toxicitÃ© en mode t ma groupie pas celle des gens vs Ãªtes dans un film,0,366.46209716796875,369.6499938964844,369.75,363.3900146484375,363.82000732421875,2611700,0,0.0,0.0,1.0,0.0
"ByÅ‚y minister rolnictwa w rzÄ…dzie SLD Wojciech Olejniczak zostaÅ‚ w Å›rodÄ™ zatrzymany przez CBA.
https://t.co/2ToqN6ddtj",0,369.21807861328125,372.42999267578125,373.3900146484375,369.1099853515625,370.0,2254600,0,0.0,0.0,1.0,0.0
Devinez qui doit aller au resto demain pour lâ€™anniversaire de son oncle et se tape une insomnie de singe ? Je ne hais pas assez ma naigre vie.,8,369.5452880859375,372.760009765625,374.1000061035156,368.3900146484375,373.3599853515625,2432700,8,0.0,0.0,1.0,0.0
"Esses dias, lendo chat antigo do dito cujo, me deparo com ele falando isso: ""vocÃª Ã© mÃ¡"" ğŸ¤­",0,369.10906982421875,372.32000732421875,373.95001220703125,369.9599914550781,373.95001220703125,2087800,0,0.0,0.0,1.0,0.0
First time jud ta ani ma ablihan sa Gaisano yaw,0,369.5849609375,372.79998779296875,374.1499938964844,371.1600036621094,372.989990234375,1795300,0,0.0,0.0,1.0,0.0
"Gw gacha dia karna seiyuu. Awalnya GK tertarik samsek ma dia. Pas gw liat bentukannya ""Walah tipe2 char cowo edgy + emo yg akan digemari para player cewe""

Sampai kemudian gw pertama kali denger suara dia waktu ngomong ke Jingyuan. Gw langsung suka ma dia 

""MIKI SHINICHIRO COG"" https://t.co/BssZE6z0fL",0,371.7659606933594,375.0,375.19000244140625,369.69000244140625,371.45001220703125,2124800,0,0.0,0.0,1.0,0.0
"ITZ 2024 PIX Update https://t.co/0V56Igj0yS
#AMZN #CRWD #GLD #IJR #MA",1,372.0038757324219,375.239990234375,377.42999267578125,373.260009765625,375.7200012207031,3537800,1,0.0,0.0,1.0,0.0
"Kurr hiq ne jete xuxi ma shume vota se Gjesti , fuck this shit #bbvipks3",2,371.498291015625,374.7300109863281,377.6400146484375,373.6199951171875,375.1499938964844,1886300,2,-0.8294,0.392,0.608,0.0
"L'uomo che sussurra ai #colpodistato, ma ha paura di due domande #marcorizzo
ğŸ˜‚ğŸ˜‚ğŸ˜‚ğŸ˜‚ğŸ˜‚ğŸ˜‚ğŸ˜‚ğŸ˜‚ğŸ˜‚ğŸ˜‚ğŸ˜‚ğŸ˜‚ https://t.co/CiNSx0NtYi",2,365.35174560546875,368.5299987792969,374.5799865722656,368.32000732421875,373.5,2245000,2,0.34,0.0,0.844,0.156
MA SÅ’UR A 20 ANS C TERRIBLE,1,363.5970153808594,366.760009765625,372.2200012207031,366.0899963378906,369.6400146484375,2594200,1,-0.5904,0.489,0.511,0.0
MA=WA,0,370.4474182128906,373.6700134277344,374.9800109863281,361.0,366.5799865722656,3859900,0,0.0,0.0,1.0,0.0
Ma belle supprimes ! https://t.co/o3yLhYbIWY,0,376.7525634765625,380.0299987792969,381.92999267578125,371.510009765625,372.5299987792969,3107300,0,0.0,0.0,1.0,0.0
Ma boyyssss https://t.co/tz95WBtstS,0,376.5840148925781,379.8599853515625,382.4599914550781,378.9599914550781,380.489990234375,1745100,0,0.0,0.0,1.0,0.0
Ma cousine ğŸ¤©ğŸ˜ https://t.co/TFdLHdJTSu https://t.co/4vH465ykBE,2,372.78704833984375,376.0299987792969,378.8399963378906,370.94000244140625,377.7699890136719,2478700,2,0.0,0.0,1.0,0.0
Ma meuf quand elle c'est rÃ©veillÃ© avec un #Bitcoin Ã  100 000$ ğŸ¤£ğŸ¤£ğŸ¤£ https://t.co/fvz8SSiWH7,0,371.6668395996094,374.8999938964844,379.54998779296875,374.3299865722656,376.6700134277344,1970900,0,0.0,0.0,1.0,0.0
Ma quindi ora Gue sa fare i selfie?,1,372.87628173828125,376.1199951171875,376.8500061035156,372.1400146484375,374.5,2814900,1,0.0,0.0,1.0,0.0
"Ma shqetsun pak xheneten, produksion muti #bbvipks3 https://t.co/BRfOLjG170",17,381.3426513671875,384.6600036621094,385.1499938964844,378.239990234375,380.57000732421875,2682800,17,0.0,0.0,1.0,0.0
Ma vidÃ©o purÃ©e https://t.co/UghSpXtc7p,0,382.1853332519531,385.510009765625,387.4599914550781,383.7699890136719,384.010009765625,1719600,0,0.0,0.0,1.0,0.0
"O Arion dil ma mir
Merre edhe Drilonin pash Zotin se fort jon te shfrytzuu 
T lutna #bbvipks3",11,379.6374816894531,382.94000244140625,386.1700134277344,382.70001220703125,383.8800048828125,2036400,11,0.0,0.0,1.0,0.0
"Pinni:Madyarathiri 2:30ki neeku ma bedroom deggara emPani ra?
Son:Waterkosam ochhanu pinni
Pinni:Naku telidu anukoku Roju nannu meebabai ee timeki juttupattukoni doggystylelo padesi dengutavunte nuvvu ahbokkalo nunchichusi kottukuntuvuntav
Babai:(Oh Lanja munda lopaliki raave) https://t.co/vxpwVT7MH1",28,379.240966796875,382.5400085449219,386.760009765625,377.6499938964844,385.989990234375,1940800,28,0.0,0.0,1.0,0.0
"Un jour faudra que je parle du stress et du bruxisme.. 1 an que g ma gouttiÃ¨re et RAS.. flinguÃ©e en 4 jours.... ğŸ¥¶ğŸ¥¶ğŸ¥¶ parfois jme diq que jmords plus fort que mes chiens (vÃ©ridique, y'en a dÃ©ja une qui a jouÃ© avec)",1,380.0836181640625,383.3900146484375,385.7200012207031,379.260009765625,382.2099914550781,1901200,1,-0.4215,0.07,0.93,0.0
Un jour je raconterai comment on sâ€™est retrouvÃ© Ã  Skid Row avec Naomi Ã  cause de ma tante,0,378.6263122558594,381.9200134277344,385.0199890136719,378.79998779296875,384.489990234375,2044000,0,0.0,0.0,1.0,0.0
"Your welcome ma'am, I'm so glad my song brings happiness, I appreciate your likes and comments message me privately on telegram https://t.co/YXGeoFmfel https://t.co/gC7J3GQHaE",0,380.1034240722656,383.4100036621094,383.6600036621094,380.5299987792969,381.8699951171875,1957400,0,0.9429,0.0,0.516,0.484
[FR/EN] Champion 900SR+ / Let's play some ranked ma boiiii https://t.co/KbeQOSUJ62,1,376.9607849121094,380.239990234375,383.6000061035156,377.32000732421875,382.6000061035156,2762700,1,0.743,0.0,0.559,0.441
"bingo!  it  gives  you  something  to  do,  doesn't  it?  what  else  do  you  do  otherwise?  say  â€˜  yes  ma'am,  no  ma'am  â€™  and  play  good  boy? https://t.co/Wdj9u18fVR",0,383.6624450683594,387.0,387.5199890136719,379.1300048828125,382.20001220703125,3260300,0,0.7672,0.069,0.656,0.276
ma oggi non mi funziona ig,0,388.63916015625,392.0199890136719,392.0199890136719,385.80999755859375,387.1099853515625,3729500,0,0.0,0.0,1.0,0.0
"ma stiamo scherzando vero? io ero come una cogliona a guardare quei due che a poco scopavano sul tavolo da biliardo, io non so piÃ¹ cosa fare",0,382.24481201171875,385.57000732421875,392.20001220703125,385.1400146484375,392.0,3368800,0,0.0,0.0,1.0,0.0
sana ma approve na :((,0,381.2137756347656,384.5299987792969,387.3699951171875,384.17999267578125,384.989990234375,1808800,0,0.0,0.0,1.0,0.0
"ØªØ§Ø¨Ø¹Ù‡Ù… ÙŠØ§ØªØ¨Ø¹ÙˆÙƒÙ… 
Ø±ÙŠØªÙˆÙŠØª Ù„Ù„Ø¯Ø¹Ù… 
ğŸ˜ğŸ˜ğŸ˜ğŸ˜
@gumterver100
@ZyrwT28134
@shahnawaz_2182
@1___A_1 
@_Solav_
@rshrooshh
@glmsjd
@nt41000
@AhmedAb84271008
@shadoshamy
@kp13s
@haAl55342
@smy58881
@gzl623463751501
@ma_haq8
@AliAli711z
@FayzQrysh57883
@MYK_63
@Hannibal1998X
#Ù‡Ù„Ø§_Ù‡Ù„Ø§ 
#Ù‡Ù„Ø§",64,370.52679443359375,373.75,382.0299987792969,370.44000244140625,381.5199890136719,3979000,64,0.0,0.0,1.0,0.0
"âœ“ mais um artigo publicado no EstadÃ£o 
LitigÃ¢ncia de mÃ¡-fÃ©, a degradaÃ§Ã£o da JustiÃ§a https://t.co/pN1T0iD0NJ",0,365.322021484375,368.5,369.6099853515625,365.5799865722656,369.3699951171875,2655700,0,-0.296,0.155,0.845,0.0
